{"name":"732e4bf1-88dd-43b2-ab5f-b93524069297","id":"/providers/Microsoft.Flow/flows/732e4bf1-88dd-43b2-ab5f-b93524069297","type":"Microsoft.Flow/flows","properties":{"apiId":"/providers/Microsoft.PowerApps/apis/shared_logicflows","displayName":"GetUserDevicesV2","definition":{"metadata":{"workflowEntityId":null,"flowclientsuspensionreason":"None","flowclientsuspensiontime":null,"creator":{"id":"32497e1b-8bb5-4f95-b08f-c66ce0df2ef5","type":"User","tenantId":"8a884cf4-1ce1-41db-8aff-4c59298d4ba9"},"provisioningMethod":"FromDefinition","failureAlertSubscription":true,"clientLastModifiedTime":"2021-03-23T10:42:08.2719259Z"},"$schema":"https://schema.management.azure.com/providers/Microsoft.Logic/schemas/2016-06-01/workflowdefinition.json#","contentVersion":"1.0.0.0","parameters":{"$connections":{"defaultValue":{},"type":"Object"},"$authentication":{"defaultValue":{},"type":"SecureObject"}},"triggers":{"manual":{"type":"Request","kind":"PowerApp","inputs":{"schema":{"type":"object","properties":{"Getuser_UserIdorPrincipalName":{"type":"string","description":"Unique identifier of a user (Ex. 'user@tennant.onmicrosoft.com' or '5f6ce5c7-b521-4842-9bbe-3f6d5aa5e35b').","x-ms-powerflows-param-ispartial":false}},"required":["Getuser_UserIdorPrincipalName"]}}}},"actions":{"Get_user":{"runAfter":{},"type":"OpenApiConnection","inputs":{"host":{"apiId":"/providers/Microsoft.PowerApps/apis/shared_azuread","connectionName":"shared_azuread","operationId":"GetUser"},"parameters":{"id":"@triggerBody()['Getuser_UserIdorPrincipalName']"},"authentication":{"value":"@json(decodeBase64(triggerOutputs().headers['X-MS-APIM-Tokens']))['$ConnectionKey']","type":"Raw"}}},"Get_user_devices":{"runAfter":{"Get_user":["Succeeded"]},"type":"OpenApiConnection","inputs":{"host":{"apiId":"/providers/Microsoft.PowerApps/apis/shared_intune-20device-20actions-5f090026673b397ced-5f9a29927a6abfaac4","connectionName":"shared_intune-20device-20actions-5f090026673b397ced-5f9a29927a6abfaac4","operationId":"GetUserDevices"},"parameters":{"id":"@outputs('Get_user')?['body/id']","$select":"id,deviceName,managedDeviceOwnerType,managementAgent,enrolledDateTime,lastSyncDateTime,manufacturer,model,serialNumber,operatingSystem,complianceState"},"authentication":{"value":"@json(decodeBase64(triggerOutputs().headers['X-MS-APIM-Tokens']))['$ConnectionKey']","type":"Raw"}}},"Response":{"runAfter":{"Get_user_devices":["Succeeded"]},"type":"Response","kind":"Http","inputs":{"statusCode":200,"body":"@outputs('Get_user_devices')?['body/value']","schema":{"type":"array","items":{"type":"object","properties":{"id":{"type":"string"},"deviceName":{"type":"string"},"managedDeviceOwnerType":{"type":"string"},"managementAgent":{"type":"string"},"enrolledDateTime":{"type":"string"},"lastSyncDateTime":{"type":"string"},"manufacturer":{"type":"string"},"model":{"type":"string"},"serialNumber":{"type":"string"},"operatingSystem":{"type":"string"},"complianceState":{"type":"string"}}}}}}}},"connectionReferences":{"shared_azuread":{"connectionName":"shared-azuread-e1173047-cceb-4711-bb69-06c8-8c0acb9f","source":"Invoker","id":"/providers/Microsoft.PowerApps/apis/shared_azuread","tier":"NotSpecified"},"shared_intune-20device-20actions-5f090026673b397ced-5f9a29927a6abfaac4":{"connectionName":"442487b3984f4e038f9bc51732ed0469","source":"Invoker","id":"/providers/Microsoft.PowerApps/apis/shared_intune-20device-20actions-5f090026673b397ced-5f9a29927a6abfaac4","tier":"NotSpecified"}},"flowFailureAlertSubscribed":false}}