{"schemaVersion":"1.0","appDefinitionTemplate":{"id":"/providers/Microsoft.PowerApps/apps/","type":"Microsoft.PowerApps/apps","tags":{"primaryDeviceWidth":"640","primaryDeviceHeight":"1136","sienaVersion":"20210109T183618Z-3.20122.13.0","deviceCapabilities":"","supportsPortrait":"true","supportsLandscape":"false","primaryFormFactor":"Phone","publisherVersion":"3.20122.13","minimumRequiredApiVersion":"2.2.0","hasComponent":"false","hasUnlockedComponent":"false","isUnifiedRootApp":"false"},"properties":{"appVersion":"2021-01-09T18:36:18Z","lifeCycleId":"Published","createdByClientVersion":{"major":3,"minor":20122,"build":13,"revision":0,"majorRevision":0,"minorRevision":0},"minClientVersion":{"major":3,"minor":20122,"build":13,"revision":0,"majorRevision":0,"minorRevision":0},"backgroundColor":"rgba(0, 176, 240, 1)","backgroundImageUri":"/5684416144035573876/N5850b0a3-66df-42cd-b46b-d3bd5cb1ebd9-logoSmallFile","displayName":"MyMobileDeviceManagerApp","description":"","commitMessage":"","appUris":{"documentUri":{"value":"/5684416144035573876/N699c427b-3392-4c69-a7e9-b2b2975406eb-document.msapp"},"imageUris":[]},"createdTime":"0001-01-01T00:00:00Z","lastModifiedTime":"0001-01-01T00:00:00Z","sharedGroupsCount":0,"sharedUsersCount":0,"icons":{"smallIconUri":"/5684416144035573876/Ndfc6a69c-ab67-4569-9886-456fc4ef7bc7-small.png","mediumIconUri":"/5684416144035573876/N95e81b2e-c0d6-473d-9575-5b6a2d40892c-medium.png","largeIconUri":"/5684416144035573876/N85e1f968-741b-49cc-9283-45daf64ace31-large.png","wideIconUri":"/5684416144035573876/N0dbcc144-5ea1-46b9-bb87-20c5bfc031d9-wide.png"},"connectionReferences":{"7a6e0848-aec7-4c54-a79b-5a3e55c16c76":{"id":"862536ae-1795-41ea-9268-d03356f7035f","displayName":"Logic flows","iconUri":"https://resourcestackdeploy.blob.core.windows.net/scripts/13276078.png","dataSources":["GetUserDevicesV2"],"dependencies":["0e1fd6be-8609-4b81-9457-255ce4581804","cbb252e2-3a7f-472b-9fdd-9897f5c127cc"],"dependents":[],"parameterHints":{"workflowName":{"value":"29680d50-309d-41be-b33b-41b4041a2324"},"0e1fd6be-8609-4b81-9457-255ce4581804":{"value":"shared_azuread"},"cbb252e2-3a7f-472b-9fdd-9897f5c127cc":{"value":"shared_intune-20device-20actions-5f090026673b397ced-5f9a29927a6abfaac4"}},"isOnPremiseConnection":false,"bypassConsent":false,"dataSets":{},"apiTier":"Standard","isCustomApiConnection":false,"actions":["Run"]},"0e1fd6be-8609-4b81-9457-255ce4581804":{"id":"c03273e6-e57d-47ef-accb-1d2618202c3c","displayName":"Azure AD","iconUri":"https://connectoricons-prod.azureedge.net/releases/v1.0.1429/1.0.1429.2295/azuread/icon.png","dataSources":[],"dependencies":[],"dependents":["7a6e0848-aec7-4c54-a79b-5a3e55c16c76"],"parameterHints":{},"isOnPremiseConnection":false,"bypassConsent":false,"dataSets":{},"apiTier":"Standard","isCustomApiConnection":false},"cbb252e2-3a7f-472b-9fdd-9897f5c127cc":{"id":"6cdd22b8-30b7-40f5-872f-630f48f6c584","displayName":"Intune device actions","iconUri":"https://az787822.vo.msecnd.net/defaulticons/api-dedicated.png","dataSources":[],"dependencies":[],"dependents":["7a6e0848-aec7-4c54-a79b-5a3e55c16c76"],"parameterHints":{},"isOnPremiseConnection":false,"bypassConsent":false,"dataSets":{},"apiTier":"Standard","isCustomApiConnection":true},"ca792bb4-9966-49d2-bc50-0ea2c27ee56e":{"id":"862536ae-1795-41ea-9268-d03356f7035f","displayName":"Logic flows","iconUri":"https://resourcestackdeploy.blob.core.windows.net/scripts/13276078.png","dataSources":["TriggerRemoteActionV2"],"dependencies":["a2188695-9d80-4d6c-ba8c-a19063fc4e8d"],"dependents":[],"parameterHints":{"workflowName":{"value":"6b15a3d3-87c5-48e9-ac8b-6813a2fa8341"},"a2188695-9d80-4d6c-ba8c-a19063fc4e8d":{"value":"shared_intune-20device-20actions-5f090026673b397ced-5f9a29927a6abfaac4"}},"isOnPremiseConnection":false,"bypassConsent":false,"dataSets":{},"apiTier":"Standard","isCustomApiConnection":false,"actions":["Run"]},"a2188695-9d80-4d6c-ba8c-a19063fc4e8d":{"id":"6cdd22b8-30b7-40f5-872f-630f48f6c584","displayName":"Intune device actions","iconUri":"https://az787822.vo.msecnd.net/defaulticons/api-dedicated.png","dataSources":[],"dependencies":[],"dependents":["ca792bb4-9966-49d2-bc50-0ea2c27ee56e"],"parameterHints":{},"isOnPremiseConnection":false,"bypassConsent":false,"dataSets":{},"apiTier":"Standard","isCustomApiConnection":true}},"databaseReferences":{},"almMode":"Environment","performanceOptimizationEnabled":true,"canConsumeAppPass":true,"executionRestrictions":{"isTeamsOnly":false,"dataLossPreventionEvaluationResult":{"status":"Compliant","lastEvaluationDate":"2020-12-22T19:22:44.9736133Z","violationDetails":[]}}},"isAppComponentLibrary":false,"appType":"ClassicCanvasApp","appComponents":[]}}