{"name":"6e75e157-2c5e-4c66-98af-d97024649986","id":"/providers/Microsoft.Flow/flows/6e75e157-2c5e-4c66-98af-d97024649986","type":"Microsoft.Flow/flows","properties":{"apiId":"/providers/Microsoft.PowerApps/apis/shared_logicflows","displayName":"TriggerRemoteActionV2","definition":{"metadata":{"workflowEntityId":null,"flowclientsuspensionreason":"None","flowclientsuspensiontime":null,"creator":{"id":"32497e1b-8bb5-4f95-b08f-c66ce0df2ef5","type":"User","tenantId":"8a884cf4-1ce1-41db-8aff-4c59298d4ba9"},"provisioningMethod":"FromDefinition","failureAlertSubscription":true,"clientLastModifiedTime":"2021-03-23T10:42:39.2243413Z"},"$schema":"https://schema.management.azure.com/providers/Microsoft.Logic/schemas/2016-06-01/workflowdefinition.json#","contentVersion":"1.0.0.0","parameters":{"$connections":{"defaultValue":{},"type":"Object"},"$authentication":{"defaultValue":{},"type":"SecureObject"}},"triggers":{"manual":{"type":"Request","kind":"PowerApp","inputs":{"schema":{"type":"object","properties":{"Initializevariable_Value":{"type":"string","description":"Enter initial value","x-ms-powerflows-param-ispartial":false},"Initializevariable2_Value":{"type":"string","description":"Enter initial value","x-ms-powerflows-param-ispartial":false}},"required":["Initializevariable_Value","Initializevariable2_Value"]}}}},"actions":{"Initialize_variable":{"runAfter":{},"type":"InitializeVariable","inputs":{"variables":[{"name":"deviceId","type":"string","value":"@{triggerBody()['Initializevariable_Value']}"}]}},"Initialize_variable_2":{"runAfter":{},"type":"InitializeVariable","inputs":{"variables":[{"name":"remoteAction","type":"string","value":"@{triggerBody()['Initializevariable2_Value']}"}]}},"Trigger_remote_action":{"runAfter":{"Initialize_variable":["Succeeded"],"Initialize_variable_2":["Succeeded"]},"type":"OpenApiConnection","inputs":{"host":{"apiId":"/providers/Microsoft.PowerApps/apis/shared_intune-20device-20actions-5f090026673b397ced-5f9a29927a6abfaac4","connectionName":"shared_intune-20device-20actions-5f090026673b397ced-5f9a29927a6abfaac4_1","operationId":"TriggerRemoteAction"},"parameters":{"deviceId":"@variables('deviceId')","remoteAction":"@variables('remoteAction')"},"authentication":{"value":"@json(decodeBase64(triggerOutputs().headers['X-MS-APIM-Tokens']))['$ConnectionKey']","type":"Raw"}}}}},"connectionReferences":{"shared_intune-20device-20actions-5f090026673b397ced-5f9a29927a6abfaac4_1":{"connectionName":"442487b3984f4e038f9bc51732ed0469","source":"Invoker","id":"/providers/Microsoft.PowerApps/apis/shared_intune-20device-20actions-5f090026673b397ced-5f9a29927a6abfaac4","tier":"NotSpecified"}},"flowFailureAlertSubscribed":false}}